run_date,window_hours,verdict,n,hit_rate_pct,baseline_pct,hit_rate_minus_baseline,avg_return_pct
2026-08-29,1,bullish,55,61.8,49.8,12.0,0.114
2026-08-29,1,bearish,57,47.4,50.2,-2.8,0.038
2026-08-29,4,bullish,55,60.0,54.0,6.0,0.152
2026-08-29,4,bearish,57,63.2,46.0,17.2,0.088
2026-08-29,24,bullish,55,60.0,60.3,-0.3,0.486
2026-08-29,24,bearish,57,47.4,39.7,7.7,0.676
2026-08-29,1,bullish,23,69.6,50.3,19.3,0.127
2026-08-29,1,bearish,14,42.9,49.7,-6.9,0.101
2026-08-29,4,bullish,23,60.9,52.8,8.1,0.134
2026-08-29,4,bearish,14,42.9,47.2,-4.4,0.304
2026-08-29,24,bullish,23,82.6,56.5,26.1,1.108
2026-08-29,24,bearish,14,35.7,43.5,-7.8,0.597
2026-08-30,1,bullish,26,84.6,48.8,35.9,0.218
2026-08-30,1,bearish,10,40.0,51.2,-11.2,0.109
2026-08-30,4,bullish,26,73.1,49.4,23.7,0.38
2026-08-30,4,bearish,10,40.0,50.6,-10.6,0.274
2026-08-30,24,bullish,26,73.1,44.4,28.7,0.665
2026-08-30,24,bearish,10,40.0,55.6,-15.6,0.283
2026-09-06,1,bullish,8,37.5,42.9,-5.4,-0.032
2026-09-06,1,bearish,21,42.9,57.1,-14.3,0.056
2026-09-06,4,bullish,8,12.5,41.6,-29.1,-0.379
2026-09-06,4,bearish,21,52.4,58.4,-6.0,-0.115
2026-09-06,24,bullish,8,37.5,38.5,-1.0,-0.299
2026-09-06,24,bearish,21,76.2,61.5,14.7,-0.685
2026-09-13,1,bullish,21,19.0,46.6,-27.6,-0.193
2026-09-13,1,bearish,13,61.5,53.4,8.2,-0.119
2026-09-13,4,bullish,19,10.5,43.9,-33.4,-0.79
2026-09-13,4,bearish,13,76.9,56.1,20.9,-0.293
2026-09-13,24,bullish,19,26.3,43.9,-17.6,-0.741
2026-09-13,24,bearish,13,69.2,56.1,13.2,-0.554
2026-09-20,1,bullish,16,43.8,46.6,-2.8,0.042
2026-09-20,1,bearish,22,72.7,53.4,19.3,-0.118
2026-09-20,4,bullish,16,31.2,49.4,-18.1,-0.029
2026-09-20,4,bearish,22,59.1,50.6,8.5,-0.182
2026-09-20,24,bullish,16,25.0,48.8,-23.8,-0.233
2026-09-20,24,bearish,22,59.1,51.2,7.8,0.033
2026-09-27,1,bullish,23,39.1,46.9,-7.8,0.007
2026-09-27,1,bearish,22,72.7,53.1,19.6,-0.054
2026-09-27,4,bullish,21,38.1,45.3,-7.2,-0.068
2026-09-27,4,bearish,17,58.8,54.7,4.2,0.066
2026-09-27,24,bullish,21,28.6,33.5,-5.0,-0.375
2026-09-27,24,bearish,17,64.7,66.5,-1.8,-0.188
2026-10-05,1,bullish,19,57.9,50.9,7.0,-0.028
2026-10-05,1,bearish,36,47.2,49.1,-1.8,-0.054
2026-10-05,4,bullish,17,23.5,50.0,-26.5,-0.425
2026-10-05,4,bearish,33,66.7,50.0,16.7,-0.427
2026-10-05,24,bullish,17,41.2,41.8,-0.6,-0.806
2026-10-05,24,bearish,33,66.7,58.2,8.4,-0.772
